{
    "num_partitions": 1,
    "random_state": 42,
    "num_trials": 10,
    "fit_time": 19.54371690750122,
    "score": 0.8407613636363637
}