{
    "num_partitions": 1,
    "random_state": 42,
    "num_trials": 10,
    "fit_time": 9.584559917449951,
    "score": 0.8288441814595661
}