{
    "num_partitions": 1,
    "random_state": 42,
    "num_trials": 10,
    "fit_time": 358.25623059272766,
    "score": 0.7709665313028764
}