{
    "num_partitions": 1,
    "random_state": 42,
    "num_trials": 10,
    "fit_time": 7.826929569244385,
    "score": 0.7991321499013806
}