key,input,mic50_10um,mic50_20um,mic90_10um,mic90_20um,wcs_50_percent
IMXHGCRIEAKIBU-UHFFFAOYSA-N,COC(=O)Nc1ccc(cc1)-c1nc(N2CCOCC2)c2cnn(C3CCN(CC3)C(=O)OC)c2n1,0.303474734033953,0.7431424,0.182491228930334,0.8275,0.0203264945267227
HOIIHACBCFLJET-SFTDATJTSA-N,CN1CCN2[C@H]3CCN(CCCC(=O)c4ccc(F)cc4)C[C@H]3c3cccc1c23,0.303474734033953,0.83417696,0.149885341428533,0.439393939393939,0.016905190787612
XUCIJNAGGSZNQT-JHSLDZJXSA-N,OC[C@H]1O[C@@H](OC[C@H]2O[C@@H](O[C@@H](C#N)c3ccccc3)[C@H](O)[C@@H](O)[C@@H]2O)[C@H](O)[C@@H](O)[C@@H]1O,0.244029771188173,0.83950657,0.208455347852953,0.774590163934426,0.124577207242486
