mic50_10um,mic50_20um,mic90_10um,mic90_20um,wcs_50_percent
0.3034747340339532,0.7431424,0.18249122893033431,0.8275,0.02032649452672266
0.3034747340339532,0.83417696,0.14988534142853338,0.4393939393939394,0.01690519078761202
0.24402977118817262,0.83950657,0.20845534785295328,0.7745901639344263,0.1245772072424861
