{
    "num_partitions": 1,
    "random_state": 42,
    "num_trials": 10,
    "fit_time": 1206.2236366271973,
    "score": 0.827547758037225
}